"id","fullName","email","phone","university","learningTrack","temporaryPassword","approvalStatus","role"
"1","Miqdad ","theilmnexus@gmail.com","0987654 op9","Bbbb","Social Media Management","ilmnexusds2026!","Pending","Student"
"2","Notify User","notify@example.com","08012345678","UNILORIN","Frontend Development","ilmnexusds2026!","Pending","Student"
"3","Hassan Summayah","hassansummayat@gmail.com","+2348102708061","Summit university offa, Kwara state.","Video Editing","ilmnexusds2026!","Pending","Student"
"4","Abdul-jeleel Roheemah Adenike ","abduljeleelroheemoh9ischs@gmail.com","09165608770","Summit University Offa Kwara State ","Graphics Design (Mobile & Laptop)","ilmnexusds2026!","Pending","Student"
"5","Abubakar usman","usmanlawal0505@gmail.com","08065686788","university of ibadan","Intro to Cybersecurity","ilmnexusds2026!","Pending","Student"
"6","Darlington Oluwajuwon Ademola ","darlingtonoluwajuwon@gmail.com","08160707731","Abdulrasaq Abubakar Toyin University ","Social Media Management","ilmnexusds2026!","Pending","Student"
"180001","BALIQEES AYOMIDE GBAIYE","gbaiyebaliqess123@gmail.com","09070373132","Al-Hikmah University ","Content Creation","ilmnexusds2026!","Pending","Student"
"210001","Adeboye oluwatosin yvonne ","ytadeboye@gmail.com","09045364022","university of lagos","Graphics Design (Mobile & Laptop)","ilmnexusds2026!","Pending","Student"
"240001","Abdulmusawwir Moukhtar Nasale","nasaleabdulmusawwir@gmail.com","08162088676","None ","Graphics Design (Mobile & Laptop)","ilmnexusds2026!","Pending","Student"
"270001","YAKUBU ALHAJI ALI ","yakubualhajiali@gmail.com","08148149192","FEDERAL UNIVERSITY OF HEALTH SCIENCES AZARE ","Backend Development","ilmnexusds2026!","Pending","Student"
"300001","Yusrah Sani-Giwa ","yusrah0508@gmail.com","0707 043 2046 ","Al-Hikmah University ","Data Science","ilmnexusds2026!","Pending","Student"
"330001","Adeniyi Inioluwa victor","vadeniyi277@gmail.com","09162949742","University of ilorin ","AI for Productivity","ilmnexusds2026!","Pending","Student"
"360001","Omagbemi Best. ","omagbemibest004@gmail.com","07083580046","University of Ilorin ","Digital Marketing","ilmnexusds2026!","Pending","Student"
"390001","Kolade Daniel","koladedaniel101@gmail.com","08120375396","Lagos state university of science and technology ","Intro to Cybersecurity","ilmnexusds2026!","Pending","Student"
"420001","Balogun Maryam Ololade ","balogunmariam0003@gmail.com","09161806896","Summit university offa ","Intro to Cybersecurity","ilmnexusds2026!","Pending","Student"
"450001","Fatima Sagir imam","fatimasagirimamv@gmail.com","07043636556","Federal university of health sciences azare ","Frontend Development","ilmnexusds2026!","Pending","Student"
"480001","Pheobe Ngwamdai Joshua ","joshuapheobe14@gmail.com","07080980798","Borno state university ","Graphics Design (Mobile & Laptop)","ilmnexusds2026!","Approved","Student"
"510001","Adamu Halima Ajeje","ajejehalima9@gmail.com","09130179174 ","Federal university of health sciences Azare ","Backend Development","ilmnexusds2026!","Pending","Student"
"540001","AJAYI OLUWAFEMILOLA JOHN-RITA ","johnritaajayi22@gmail.com","09160251263 ","Kwara State Polytechnic ","Social Media Management","ilmnexusds2026!","Pending","Student"
"570001","Yussuf Ishola Abdulwarit","yussufabdulwarith@gmail.com","07042210477","Kwara state university ","Intro to Cybersecurity","ilmnexusds2026!","Pending","Student"
"600001","Aisha Abdulrahman ","visitisha9@gmail.com","08067077979","Alhikmah university ","Graphics Design (Mobile & Laptop)","ilmnexusds2026!","Pending","Student"
"630001","Ayuba Abdulsalam Ayobami","ayubaabdulsalam06@gmail.com","09115700106","Kwara state university ","Backend Development","ilmnexusds2026!","Pending","Student"
"660001","Muhammedjamiu abdulazeez","muhammedjamiuabdulazeez2@gmail.com","09079948303","Kwara start university of ilorin malete","Data Science","ilmnexusds2026!","Pending","Student"
"690001","Osofisan Ajibola Elijah","osofisanajibolaelijah@gmail.com","08121168189","Lagos State University of Science and Technology Lasustech Ikorodu Lagos State.","Social Media Management","ilmnexusds2026!","Pending","Student"
"720001","Norman Alamin","normanalamin103@gmail.com","0728616580","Don Bosco technical institute ","Digital Marketing","ilmnexusds2026!","Pending","Student"
"750001","Lagbalu Haleemah ","lagbaluhalimat@gmail.com","09078224271","Kwara state university ","AI for Productivity","ilmnexusds2026!","Pending","Student"
"780001","Abubakri Abdullahi","abdullahiabubakri4@gmail.com","09041966146","Kwara state university ","Data Science","ilmnexusds2026!","Pending","Student"
"810001","Femi Emmanuel ","femie561@gmail.com","07015027995","Kwara State University ","Frontend Development","ilmnexusds2026!","Pending","Student"
"840001","Tajudeen ","careerbuilderspecialist@gmail.com","07059748298","KWASU","AI for Productivity","ilmnexusds2026!","Pending","Student"
"870001","Shalwar Fawaz Olawale ","tobisalawu4@gmail.com","08162072904","Kwara state university ","Social Media Management","ilmnexusds2026!","Pending","Student"
